vtd,production_Total_kcal_0_1,production_Total_kcal_1_2,production_Total_kcal_10_20,production_Total_kcal_100_200,production_Total_kcal_1000_100000,production_Total_kcal_2_5,production_Total_kcal_20_50,production_Total_kcal_200_500,production_Total_kcal_5_10,production_Total_kcal_50_100,production_Total_kcal_500_1000,production_Food_kcal_0_1,production_Food_kcal_1_2,production_Food_kcal_10_20,production_Food_kcal_100_200,production_Food_kcal_1000_100000,production_Food_kcal_2_5,production_Food_kcal_20_50,production_Food_kcal_200_500,production_Food_kcal_5_10,production_Food_kcal_50_100,production_Food_kcal_500_1000,production_Feed_kcal_0_1,production_Feed_kcal_1_2,production_Feed_kcal_10_20,production_Feed_kcal_100_200,production_Feed_kcal_1000_100000,production_Feed_kcal_2_5,production_Feed_kcal_20_50,production_Feed_kcal_200_500,production_Feed_kcal_5_10,production_Feed_kcal_50_100,production_Feed_kcal_500_1000,production_Processing_kcal_0_1,production_Processing_kcal_1_2,production_Processing_kcal_10_20,production_Processing_kcal_100_200,production_Processing_kcal_1000_100000,production_Processing_kcal_2_5,production_Processing_kcal_20_50,production_Processing_kcal_200_500,production_Processing_kcal_5_10,production_Processing_kcal_50_100,production_Processing_kcal_500_1000,production_Seed_kcal_0_1,production_Seed_kcal_1_2,production_Seed_kcal_10_20,production_Seed_kcal_100_200,production_Seed_kcal_1000_100000,production_Seed_kcal_2_5,production_Seed_kcal_20_50,production_Seed_kcal_200_500,production_Seed_kcal_5_10,production_Seed_kcal_50_100,production_Seed_kcal_500_1000,production_Waste_kcal_0_1,production_Waste_kcal_1_2,production_Waste_kcal_10_20,production_Waste_kcal_100_200,production_Waste_kcal_1000_100000,production_Waste_kcal_2_5,production_Waste_kcal_20_50,production_Waste_kcal_200_500,production_Waste_kcal_5_10,production_Waste_kcal_50_100,production_Waste_kcal_500_1000,Crop_Diversity_0_1,Crop_Diversity_1_2,Crop_Diversity_2_5,Crop_Diversity_5_10,Crop_Diversity_10_20,Crop_Diversity_20_50,Crop_Diversity_50_100,Crop_Diversity_100_200,Crop_Diversity_200_500,Crop_Diversity_500_1000,Crop_Diversity_1000_100000,Gross_Area_0_1,Gross_Area_1_2,Gross_Area_2_5,Gross_Area_5_10,Gross_Area_10_20,Gross_Area_20_50,Gross_Area_50_100,Gross_Area_100_200,Gross_Area_200_500,Gross_Area_500_1000,Gross_Area_1000_100000,,,
ALB,69825187.62,131234059.5,32207618.99,0.001,0.001,234111860.3,255096.3336,0.001,55888629.85,1351665.565,0.001,42148264.05,78626160.24,19737677.41,0.001,0.001,142162275.9,227472.3007,0.001,33688276.98,429736.3343,0.001,14578245.65,26418475.37,6061396.893,0.001,0.001,44478991.04,254183.2844,0.001,10899864,856308.8151,0.001,19373616.21,35708027.52,8434091.859,0.001,0.001,61457439.17,26252.17431,0.001,15676459.89,649604.7112,0.001,5126747.792,9112807.208,2330780.415,0.001,0.001,15695729.83,13362.21319,0.001,4219108.29,31001.20932,0.001,4051729.352,7485536.587,1830328.313,0.001,0.001,13390686.27,5065.871034,0.001,3287176.574,91983.84092,0.001,30,30,30,21,16,1,2,0.001,0.001,0.001,0.001,699158.9223,719340.9223,706833.179,599141.4741,482428.7433,36259,68100,0.001,0.001,0.001,0.001,,,
AUT,0.001,2144155.593,231543296,1135344477,0.001,17711948.67,1658671636,0.001,40170259.19,2108098716,0.001,0.001,918725.7782,186202573,1023473739,0.001,11695473.23,1464946451,0.001,26891187.13,1912977415,0.001,0.001,611138.3429,29956623.89,76477186.73,0.001,3892116.943,132463038.8,0.001,8448272.197,132530491.3,0.001,0.001,405666.5245,127104092.4,862281891.3,0.001,6283976.076,1215579168,0.001,12682737.62,1654496973,0.001,0.001,78837.25058,12657150.11,66149117.09,0.001,875238.6208,94833920.77,0.001,2025924.883,122621705.4,0.001,0.001,105155.5164,12910081.86,67483985.18,0.001,864993.9287,99921334.87,0.001,1982401.37,129336951.4,0.001,26,26,26,26,26,26,26,26,26,26,26,0.001,5530,17530,43330,132610,443980,354670,197480,0.001,0.001,0.001,,,
BEL,0.001,1360421.865,288146767.7,2198177743,0.001,22314917.73,1643839212,0.001,72836141.97,2402546401,0.001,0.001,792500.0448,169966121.1,1377929640,0.001,13436963.15,1032411597,0.001,41330345.73,1518397405,0.001,0.001,332242.0687,104606540.6,899197072.6,0.001,7647882.408,618830265.8,0.001,24359059.06,946711956.1,0.001,0.001,132423.7124,125788930.9,1426982828,0.001,8347275.483,875547104,0.001,24180045.77,1438715531,0.001,0.001,14235.73456,4634950.322,39511314.79,0.001,338904.7624,27354850.22,0.001,1063686.558,41673163.42,0.001,0.001,112318.7145,11516452.06,34291198.09,0.001,1137899.186,53413991.38,0.001,3616555.962,56727444.91,0.001,25,25,25,25,25,25,25,25,25,25,25,0.001,380,4650,16440,49320,194870,222550,185680,0.001,0.001,0.001,,,
BIH,206336092.4,135492030.4,21734113.03,817046.879,0.001,406207159,96730.32467,547550.766,170183968.9,1179325.44,0.001,120755354.6,63246694.01,9354417.128,396298.424,0.001,183473703.8,87149.28138,304126.0128,75861325.25,1009728.015,0.001,34243305.39,28578965.01,4562954.875,160694.4345,0.001,88842850.77,4448.180958,89155.14779,36859101.53,41412.75702,0.001,19717117.73,15175805.12,2362355.41,93104.2877,0.001,43251055.35,45110.94329,50815.20408,18872928.26,80150.14904,0.001,9150874.795,2511554.916,219531.3774,16409.77789,0.001,6975730.63,335.5361884,20855.00879,2516045.024,116464.2277,0.001,7748278.932,6515807.743,1184916.051,41650.89961,0.001,19249091.63,7919.682274,24191.4233,8471564.611,27682.38342,0.001,44,42,44,40,29,17,9,17,10,0.001,0.001,106561.2287,97358.427,260224.721,124668.2841,25423.616,3594.09,660.928,208.346,289.506,0.001,0.001,,,
BRA,334136400,410604129.1,1610170537,1510069884,11880259859,929082298.5,2433173400,2075149101,997775416.7,1545006475,1885434048,130849926.9,157790905.2,440269367.7,474266134.7,2192788026,284219720.3,737480860.6,672563141.8,260653532.4,523569013.9,628506931.3,152992003.5,192984504.4,908796864.3,603302365.5,2827710841,498665997.4,1248636608,760408370.1,575957314.1,668620115.7,676470458.4,8766247.047,12468320.66,87001537.28,202624563.4,3751414085,39559263.8,165475555.7,318624970.2,48729000.32,151710794.5,292945403.4,17546130.11,17247253.57,39419793.37,41207921.62,525275408.5,36080064.12,57316133.48,55529432.11,29503983.67,39224806.82,47389032.09,36430280.82,44622201.65,171310082.6,132612364.5,648744573.4,99457092.61,249260628.4,175374117.9,106806999.6,148900009,160449437.8,44,44,44,44,44,44,44,44,44,44,44,270213829,285155704.7,266562971,258009196.1,257486460.5,260257811,264951239.3,224233881.8,162748366.8,112867243.2,1183374048,,,
BGR,58906684.28,0.001,137562915.9,7137992626,0.001,85356412.59,321874572,0.001,100470622.4,358133651.7,0.001,33832614.38,0.001,84017146.4,4331991744,0.001,51808293.15,197659910.1,0.001,61760877.2,220066231.8,0.001,8759126.831,0.001,15894450.43,851641554.5,0.001,10185453.81,36097218.63,0.001,11191590.47,40030106.12,0.001,2848333.947,0.001,4433974.501,220454228.5,0.001,3054078.715,10122056.43,0.001,3352062.896,11172221.54,0.001,5173188.8,0.001,12511388.25,646202161,0.001,7746880.811,29471252.69,0.001,9203348.07,32798650.66,0.001,8149323.073,0.001,19818570.24,1030884405,0.001,12173949.01,46437155.19,0.001,14437431.37,51700927.58,0.001,26,26,26,26,26,26,26,26,26,26,26,51320,0.001,45960,44010,56490,124800,137900,2729490,0.001,0.001,0.001,,,
BFA,36962821.9,94436492.97,473024864.2,298788351.5,1451535359,397736840.4,776307823.2,272726935.3,521143812.4,525330960.7,80472524.91,19787149.44,50554284.07,253222378.4,159949090.9,777044218.6,212918762.5,415577548.4,145997744.4,278981689.3,281223177.4,43079012.75,3852836.138,9843629.738,49305956.56,31144336.37,151301432.1,41458276.01,80918790.34,28427813.08,54321656.48,54758105.73,8388089.333,13460638.6,34390650.86,172260028.3,108808846.6,528601223.7,144842617.3,282705662.5,99318139.79,189783359.6,191308180.6,29305435.02,655945.4371,1675878.179,8394340.186,5302323.95,25759072.13,7058272.399,13776425.83,4839835.801,9248263.207,9322568.702,1428072.393,3059088.426,7815679.856,39148117.29,24728090.03,120130844.7,32917188.2,64248186.54,22571215.29,43130500.39,43477033.91,6660004.752,1,1,1,1,1,1,1,1,1,1,1,41087.69826,236703.9648,1113149.681,1547915.957,1682557.684,2705783.731,1599686.949,1587185.463,1763591.541,483964.3741,4325046.092,,,
KHM,1142270.428,1901947.346,3269173.757,121464.9524,0.001,3871817.336,2205533.281,206697.9492,4830624.594,150530.1111,0.001,743593.4016,1237718.049,2248181.988,78997.50859,0.001,2518865.628,1434512.023,134055.2117,3130690.565,97906.88909,0.001,34189.38808,55745.58463,546532.5919,2718.63556,0.001,112180.3242,63911.14972,9442.786158,210394.2969,3616.674905,0.001,54980.74184,91084.06742,346834.8915,16751.15677,0.001,195257.1926,122016.7609,21392.74402,954005.6951,16972.65742,0.001,75030.19001,124932.4719,203164.653,8212.368485,0.001,254922.5288,145740.2525,14761.48196,358811.1512,10095.84476,0.001,150201.1804,250115.1786,411796.5404,14274.66497,0.001,508728.7139,289088.1043,28638.31088,613615.0248,18272.07816,0.001,12,12,13,9,6,5,2,2,2,0.001,0.001,61554187.43,66741446.78,69893467.42,65237073.86,41622284.78,28126923.44,3615572,6584406,3180281,0.001,0.001,,,
COL,62339097.51,206691516.8,274435435.6,160082575,288737272.3,0.001,343139422.4,164075122.3,228565376.1,212521010.7,110982965,39771080.65,140845865.6,191468147.3,120376397.3,221593171.7,0.001,239021828.9,125855944.6,157759115.6,153088838.5,74599034.69,16725084.91,52435098.44,63168623.79,27628729.43,55949772.21,0.001,78316294,25854650.57,54307247.1,43616940.28,28859997.98,2717988.947,9327430.406,10835602.42,7384026.885,15493412.06,0.001,13612977.6,7792915.502,8980378.319,9217720.529,4340706.013,1619565.301,5039921.52,7016369.54,5006152.789,8478329.811,0.001,8969156.675,5403025.663,5763598.981,6074083.289,3051103.11,3857260.238,9019593.78,9537420.793,4187283.76,10361803.62,0.001,10840847.05,3644936.59,9568373.788,6024082.176,2326382.036,103,106,0.001,104,105,100,101,96,87,79,82,146604.3665,747453.5543,0.001,716382.9633,783252.7276,871039.7781,490222.8005,357972.7229,366403.7038,232169.6146,340438139.9,,,
CRI,1107250.881,3111300.33,23361274.73,433094116,0.001,14502177.24,29050756.34,0.001,22012640.75,24286465.53,0.001,871927.4625,2464801.531,19494891.03,367966273.4,0.001,11560377.65,24508390.19,0.001,18252047.96,20803595.43,0.001,228099.8945,647257.2421,2908959.842,32903595.17,0.001,2962390.88,3341488.296,0.001,3112419.969,2382962.055,0.001,658711.54,1908290.974,16558647.66,330567766,0.001,8862498.482,21381531.78,0.001,15386408.7,18457827.35,0.001,28304.58546,79081.24883,477423.2559,7576216.339,0.001,361268.8755,597986.1337,0.001,467803.4207,489533.5444,0.001,115678.097,334048.0811,2508204.44,49875929.88,0.001,1631046.443,3002223.804,0.001,2347176.946,2437981.262,0.001,43,43,43,43,43,43,41,41,41,41,41,4410.2,9589.3,33237.1,35390.8,35509.3,42487.1,20778.9,232078,0.001,0.001,0.001,,,
HRV,11123682.59,11123682.59,114680310,552892221.3,0.001,80210758.97,205786722.5,0.001,103749303.6,202361042.5,0.001,5677346.628,5677346.628,67621283.59,415189553.7,0.001,39806478.43,130340819.6,0.001,55015600.53,140363008.8,0.001,4218539.148,4218539.148,35872879.53,97666687.62,0.001,31793424.43,56286780.84,0.001,37678952.13,45178951.09,0.001,4716770.589,4716770.589,70916332.34,426347479,0.001,40279043.87,136705164.5,0.001,57702835.09,146027326.6,0.001,430260.0431,430260.0431,5571191.255,30559443.19,0.001,3408190.548,10538051.07,0.001,4764625.984,10853643.13,0.001,434392.2088,434392.2088,5107833.472,20950031.33,0.001,3514447.888,9108892.782,0.001,4779594.81,8392081.424,0.001,26,26,26,26,26,26,26,26,26,26,26,21255,21255,101550,102990,98890,142640,112520,243220,0.001,0.001,0.001,,,
CYP,1057373.817,1057373.817,3840511.97,2924046.576,0.001,2730160.334,5099077.844,0.001,2864789.598,2982413.609,0.001,650636.6752,650636.6752,2691465.765,2170620.873,0.001,1736780.986,3642170.378,0.001,1949321.534,2209925.067,0.001,62564.80317,62564.80317,253000.9821,314625.0623,0.001,171205.344,398673.5445,0.001,186034.8024,307789.3561,0.001,405104.4874,405104.4874,100181.837,7041.67853,0.001,610250.642,79113.59569,0.001,232742.8643,17505.29408,0.001,153409.9918,153409.9918,606710.3981,274120.807,0.001,407554.6884,707481.1114,0.001,447239.9375,289872.7975,0.001,125987.4386,125987.4386,204030.6072,46253.67194,0.001,251739.023,210172.8616,0.001,184647.0832,54424.0904,0.001,26,26,26,26,25,26,26,26,26,26,26,6885,6885,9820,6280,5900,9010,6320,10500,0.001,0.001,0.001,,,
DNK,0.001,554.4005411,50894854.79,2651950660,0.001,632917.0921,252385932.3,0.001,16622154.09,457534324.6,0.001,0.001,543.1569928,23854542.43,1514247489,0.001,233356.2186,127964972.4,0.001,8016200.713,251263953.4,0.001,0.001,0.320113391,19374402.86,779710553.5,0.001,179075.6895,91043473.85,0.001,6344828.129,147314785.2,0.001,0.001,0.128342743,13362238.15,1012776239,0.001,139114.111,81040057.9,0.001,4896125.289,163357124.5,0.001,0.001,25.96589305,2747832.033,143365658.4,0.001,52103.23624,13735416.26,0.001,911545.0645,24338813.52,0.001,0.001,11.24354822,4222801.89,245314407.9,0.001,63521.85305,21551873.76,0.001,1370883.848,40721165.03,0.001,23,23,23,23,23,23,23,23,23,23,23,0.001,10,420,17040,50250,179490,278310,1359060,0.001,0.001,0.001,,,
EST,104901.9298,438631.3854,7475641.394,297337271.7,0.001,1969870.598,16949791.74,0.001,3984944.028,20228622.65,0.001,66796.13644,279297.8348,3643619.83,123758350.9,0.001,1152640.711,7774165.765,0.001,2114365.589,8613980.769,0.001,23121.07521,96677.24196,2660014.757,136190877.7,0.001,525233.487,6464448.342,0.001,1259544.714,8324295.661,0.001,3777.709022,15795.91285,450940.4886,21914893.34,0.001,86692.93329,1104868.232,0.001,213043.556,1430722.863,0.001,11542.86812,48264.73872,663236.8825,22372924.79,0.001,202676.8563,1437308.785,0.001,377572.5992,1617345,0.001,1269.770051,5309.349384,110629.5559,4987560.833,0.001,25378.0711,261650.365,0.001,56954.8803,326054.5306,0.001,26,26,26,26,26,26,26,26,26,26,26,69.48,290.52,1490,3360,6790,17960,24890,368640,0.001,0.001,0.001,,,
ETH,1171447181,801622135.2,4606339.175,0.001,0.001,493103949.3,2303169.587,16122187.11,44432830.3,0.001,0.001,1067133644,727193648.7,4329965.705,0.001,0.001,446465331.8,2164982.852,15154879.97,40289276.85,0.001,0.001,511400184.9,247251129.2,1951319.228,0.001,0.001,137443054.5,975659.6139,6829617.297,12353876.6,0.001,0.001,277673943.8,112421309.4,2066558.513,0.001,0.001,55532298.48,1033279.256,7232954.795,5012739.257,0.001,0.001,71732116.33,29490291.2,294050.5943,0.001,0.001,15086850.39,147025.2971,1029177.08,1390806.247,0.001,0.001,83322204.77,48210136,293984.8372,0.001,0.001,28161590.62,146992.4186,1028946.93,2545560.543,0.001,0.001,44,44,44,44,44,44,44,44,44,44,44,50474895.23,50839284.23,50947072.74,43737148.53,24563241.34,24563241.34,0.001,0.001,24563241.34,0.001,0.001,,,
FIN,0.001,690.0456318,47392575.09,490165942.5,0.001,1112377.375,302992124.5,0.001,8944055.698,430208118.3,0.001,0.001,677.9591811,29052274.13,346759669.1,0.001,565150.1089,206809685.9,0.001,5069626.511,296010715.8,0.001,0.001,1.138378968,12783933.77,94493404.96,0.001,348396.7251,65345953.46,0.001,2672746.469,89706379.2,0.001,0.001,0.323616105,15937392.86,176352488.4,0.001,104362.5917,122820490.3,0.001,2510447.942,158851447.9,0.001,0.001,61.84121366,5581669.675,57133557.77,0.001,145837.8774,35270934.38,0.001,1085251.922,50235456.2,0.001,0.001,12.0864507,992790.4843,9542986.364,0.001,23626.07183,6105007.376,0.001,190884.5675,8545034.688,0.001,22,22,22,22,22,22,22,22,22,22,22,0.001,60,1610,14500,69910,329500,429660,430210,0.001,0.001,0.001,,,
FRA,0.001,16461522.39,336271293.2,41291474680,0.001,83707521.85,2438239801,0.001,169203503,9907351296,0.001,0.001,8229663.633,195084311.4,30452958072,0.001,43530261.96,1545323131,0.001,103454734.2,6812625397,0.001,0.001,3922601.592,84845395.5,6763669417,0.001,22294962.09,558115915.6,0.001,38998652.15,1932392171,0.001,0.001,2098504.546,53433594.84,14257606603,0.001,6866086.765,450447616.7,0.001,33631207.65,2476858769,0.001,0.001,1297685.472,22952197.17,2744715322,0.001,6406854.414,163671753,0.001,11691438.76,656618065.5,0.001,0.001,1402064.256,12317862.33,3148837959,0.001,4922161.181,115362904.1,0.001,8303163.935,610295801.2,0.001,25,25,25,25,25,25,25,25,25,25,25,0.001,21150,67660,121310,298680,1200810,3123520,9116120,0.001,0.001,0.001,,,
DEU,352103.3792,817675.2892,673172531.7,3947745708,4992338216,5492491.34,2339542046,2618264336,174280320.8,4181457939,2007788195,198280.9693,460459.7924,360456956.5,2160418882,2732076112,2971712.313,1301272506,1432855135,89033319.45,2373164950,1098769741,9138.849733,21222.77729,238081987.4,1365355729,1726635423,1175816.837,787857886,905545208.4,64609732.8,1347834456,694407724.5,138774.174,322269.5934,85608973.15,588505971.6,744227482.9,1202549.926,361747220.7,390314957.1,18454072.92,700478128.4,299308879,10033.80475,23301.09474,26933146.38,168341377.2,212885315.5,218750.4422,93887598.55,111649092.1,7313560.666,173153714.2,85616920.35,13656.29461,31713.45492,37068743.12,221875339.4,280584621.6,305087.6275,136363159.4,147154434.7,8925395.963,257829908.2,112843815.2,25,25,25,25,25,25,25,25,25,25,25,2209.34,5130.66,15120,125350,420640,1293150,2154410,2000441.67,1326753.41,1017406.76,2529768.16,,,
GHA,1630812572,1811402821,2025944493,558576835.9,0.001,5078143263,331394406.2,0.001,3355753331,425340287.5,0.001,749276156,859142660.2,1079142228,222757760.2,0.001,2674583586,199655602.9,0.001,1869511886,261305923.7,0.001,474390826.9,574501450.1,728289089.3,152120406.2,0.001,1807687888,150125205.2,0.001,1364324778,191846228.6,0.001,475466825.6,537411730.7,627998284.8,132394151.5,0.001,1612640681,100680722.1,0.001,1044132605,118010815.2,0.001,49384217.89,58801739.99,83788395.91,12842588.24,0.001,204258245.1,15817090.75,0.001,155340237.1,22075427.3,0.001,425933467.3,446994715.7,437089824.2,161014217.8,0.001,1105080361,52595661.24,0.001,649798842.7,68969410.28,0.001,20,19,24,19,16,11,3,4,0.001,0.001,0.001,36021490,36609307.55,39095591.57,30508376.57,26654947.48,13100785,1557839,1913482,0.001,0.001,0.001,,,
GRC,0.001,148163285.8,521038130.2,99365931.98,0.001,368370502,622446842.4,0.001,456056854.2,216160997.2,0.001,0.001,93400912.5,382396399.4,73992128.64,0.001,251798143,469048415.1,0.001,323194651.5,162474918.5,0.001,0.001,13069737.19,63420567.29,11433370.08,0.001,38486431.23,79546053.19,0.001,51030353.67,26771019.23,0.001,0.001,83278718.82,50514970.62,3199926.509,0.001,114221089.6,41998951.55,0.001,84622577.52,9791791.995,0.001,0.001,6333442.985,45715967.48,9289224.798,0.001,24375088.13,57167601.58,0.001,35710097.08,20067561.64,0.001,0.001,2404005.008,9251948.149,1298249.93,0.001,6651422.122,12132706.99,0.001,7880943.049,3720372.504,0.001,24,24,24,24,24,24,24,24,24,24,24,0.001,245630,453240,463520,448220,466940,150110,62250,0.001,0.001,0.001,,,
HUN,25479161.24,25479161.24,244730838,3351335675,0.001,93856529.45,437275870.1,0.001,137404529.1,427160419.3,0.001,15448514.53,15448514.53,154907749.6,2245925734,0.001,58552134.31,276410973.2,0.001,85759004.74,273531398.4,0.001,5133052.591,5133052.591,50411941.34,628051386.9,0.001,19548598.72,90821984.67,0.001,28781754.09,87169559.43,0.001,1706660.414,1706660.414,12705144.16,418932332.2,0.001,4034089.913,19301061.41,0.001,5134370.649,25524674.74,0.001,2855333.324,2855333.324,27501899.32,397916583.9,0.001,10382521.5,48879035.46,0.001,15173075.61,48465612.68,0.001,788841.3771,788841.3771,6511987.542,88127290.93,0.001,2548863.144,11575193.81,0.001,3708249.293,11145798.85,0.001,26,26,26,26,26,26,26,26,26,26,26,35195,35195,94740,128020,202090,348220,325360,2123360,0.001,0.001,0.001,,,
IND,58174826982,41525727274,8025428773,0.001,0.001,51681912052,3621394579,0.001,20532590827,402377175.4,0.001,52392997277,37183318860,7202362125,0.001,0.001,46204615805,3264664377,0.001,18360786906,362740486.3,0.001,2507642747,2000348022,460881872.8,0.001,0.001,2596303742,209087241.9,0.001,1112316103,23231915.76,0.001,1049038268,928154912,161089113,0.001,0.001,1160880240,75375843.01,0.001,435170973.6,8375093.668,0.001,1608625346,1177646350,242977927.6,0.001,0.001,1499235938,107715595.5,0.001,614785407.7,11968399.5,0.001,2263295263,1650159782,347353791.8,0.001,0.001,2115698272,153610061.1,0.001,878174554.3,17067784.57,0.001,90,90,90,90,90,90,90,90,90,90,90,5282896571,5446216329,5380576578,4853817034,4306366731,3656816253,3656816253,0.001,0.001,0.001,0.001,,,
IRL,0.001,2122.092,17269133.19,385529120.3,0.001,491424.7183,98908289.44,0.001,3340416.247,194879639.6,0.001,0.001,19.95446879,10103442.09,207940196.8,0.001,234924.3061,53735161.45,0.001,1689747.137,109160567.3,0.001,0.001,1501.343625,5272948.462,130313720.1,0.001,168274.0686,32993545.12,0.001,1160429.857,63944954.19,0.001,0.001,361.2145074,1516760.688,9586396.935,0.001,15047.11737,4723171.584,0.001,85437.5162,8950891.589,0.001,0.001,77.02929425,939761.0388,17681260.01,0.001,28658.38109,4882399.317,0.001,169496.7865,9208969.125,0.001,0.001,162.5501043,1136823.549,26498424.9,0.001,44179.21838,6828061.896,0.001,258577.3035,12702900.85,0.001,24,24,24,24,24,24,24,24,24,24,24,0.001,30,460,2600,11650,69970,117080,150980,0.001,0.001,0.001,,,
ITA,98370432.36,145120736.8,1594074118,2172083725,0.001,852665640.7,2757464048,0.001,1168204639,1765718469,0.001,75711511.5,111693219.9,1316712267,1846123083,0.001,689970485.6,2314031754,0.001,956985894.1,1489558599,0.001,7711392.491,11376212.69,132643939.3,169164725.1,0.001,67542102.39,225228298.7,0.001,94802791.94,143968204,0.001,25989150.51,38340429.97,184219639.8,434561851.8,0.001,143839094.4,408663085.7,0.001,130251692.8,323257212.8,0.001,4608832.71,6799169.048,93352863.09,130474698.3,0.001,46755741.33,165385493.6,0.001,67371876.73,106086188,0.001,774447.2719,1142501.421,15317568.96,27694459.99,0.001,6620430.102,27964133.9,0.001,9209232.038,19728877.72,0.001,26,26,26,26,26,26,26,26,26,26,26,116747.92,172232.08,707680,818390,1007070,1460560,956820,1134420,0.001,0.001,0.001,,,
LVA,0.001,6362980.762,47382151.5,802679072.1,0.001,16010263.49,73215931.71,0.001,26629978.65,84083008.11,0.001,0.001,2330717.402,15749202.31,272384442.6,0.001,5575921.734,23604217.64,0.001,9085698.519,26528257.48,0.001,0.001,1651695.265,17890197.09,342395905.4,0.001,5198492.726,30144807.15,0.001,9124372.398,36719807.81,0.001,0.001,842982.6642,4937771.523,68371655.29,0.001,1859730.604,7047250.75,0.001,3030120.139,7383385.817,0.001,0.001,1382474.034,8255247.312,117977702.2,0.001,3088665.995,11842745.96,0.001,4992160.426,12778091.2,0.001,0.001,126183.9129,833627.4738,13457288.08,0.001,297671.2128,1247405.327,0.001,488084.8901,1381126.631,0.001,26,26,26,26,26,26,26,26,26,26,26,0.001,2790,8860,17320,34170,58730,64350,585490,0.001,0.001,0.001,,,
LTU,0.001,19157886.14,143764003.3,454622591.3,0.001,88999543.32,244882460.1,454622591.3,111986591.4,342941267.6,1067374780,0.001,8311716.839,57998929.07,203020923,0.001,37052279.48,97247179.26,203020923,45894732.39,139929317,476657819.3,0.001,5059583.603,40864511.48,116959066.2,0.001,24456610.63,70100740.89,116959066.2,31323904,95633652.85,274599546.6,0.001,6010068.91,53128942.37,194078440.2,0.001,28059248.41,92754414.19,194078440.2,39013440.95,135679681,455662424.7,0.001,2906396.334,19700006.9,61655735.94,0.001,13109394.06,32936468.77,61655735.94,15813087.6,46093975.36,144756945.2,0.001,709102.1333,4919916.097,15609933.13,0.001,3212197.454,8238875.837,15609933.13,3921000.646,11541999.23,36649408.22,25,25,25,25,25,25,25,25,25,25,25,0.001,11160,55640,72110,92530,156320,200760,236083.5,236083.5,554283,0.001,,,
LUX,0.001,4331.88,731381.5726,69435930.87,0.001,108813.5402,6368714.083,0.001,185502.8256,34715694.25,0.001,0.001,230.0947713,423205.6617,44434882.46,0.001,50273.06066,3772407.777,0.001,99914.03628,22967739.04,0.001,0.001,22.20827077,230469.7681,20011419.64,0.001,43323.02523,2075843.967,0.001,47476.66592,9338474.857,0.001,0.001,3686.559343,232142.6557,24824143.76,0.001,19486.8936,1887025.349,0.001,66568.853,13605608.13,0.001,0.001,227.7716262,25127.82082,2280002.434,0.001,3419.294767,208715.377,0.001,7310.073731,1159859.669,0.001,0.001,415.2258854,17074.16072,1467553.747,0.001,2450.827367,133644.179,0.001,6059.808113,746918.4518,0.001,23,23,23,23,23,23,23,23,23,23,23,0.001,100,190,630,910,3560,15440,29020,0.001,0.001,0.001,,,
MWI,288688092.4,136568538.5,0.001,0.001,0.001,73946422.27,12890899.9,0.001,0.001,0.001,0.001,149307972.7,75829837.7,0.001,0.001,0.001,46117244.59,8576780.248,0.001,0.001,0.001,0.001,100954210.8,43001536.9,0.001,0.001,0.001,17335411.3,2443002.158,0.001,0.001,0.001,0.001,37990523.99,15022045.88,0.001,0.001,0.001,6915593.169,101287.8522,0.001,0.001,0.001,0.001,8256405.332,3741610.759,0.001,0.001,0.001,1758327.151,241351.904,0.001,0.001,0.001,0.001,35248421.59,16572871.63,0.001,0.001,0.001,9017072.258,1554442.553,0.001,0.001,0.001,0.001,27,26,20,0.001,0.001,9,0.001,0.001,0.001,0.001,0.001,771265.0989,745812.457,316623.7829,0.001,0.001,15162.511,0.001,0.001,0.001,0.001,0.001,,,
MLI,14226.54586,20250.33301,27764.59892,22096.47936,0.001,49591.02911,17724.9294,22150.77263,45897.14438,13396.71156,510.4063095,9893.983926,14163.39882,19406.10498,15674.04499,0.001,34699.52439,12510.76671,16346.34035,31973.24303,9241.29147,359.9241476,4429.617312,4649.222976,4955.834292,5028.158158,0.001,10352.72282,3168.359584,5450.630075,9702.268013,2382.641217,94.49976736,947.5508524,2175.083007,2392.844422,4607.937445,0.001,8415.145653,1532.704634,4391.779142,6539.038243,921.4348898,82.06155722,1189.103954,1216.687099,1427.797119,1109.231695,0.001,2432.522513,861.3548252,1048.683321,2452.383883,754.0179487,23.0604547,1169.450446,1706.451844,2460.447718,1714.289587,0.001,4215.296819,1516.075924,1620.3834,3924.644368,1199.45906,42.78048823,16,19,24,20,25,17,19,18,15,17,0.001,18176243.22,20130674.5,14198230.69,12201591.04,16168841.35,18698885.92,23178076.2,14935466.8,21319609.1,9249374.03,0.001,,,
MLT,251659.9783,189075.5354,50925.93467,0.001,0.001,465797.9823,0.001,0.001,187914.383,0.001,0.001,152165.1109,114323.6998,30760.32896,0.001,0.001,284002.4845,0.001,0.001,115725.4353,0.001,0.001,202442.7061,152097.9351,39609.30816,0.001,0.001,368356.2903,0.001,0.001,145187.975,0.001,0.001,23319.76303,17520.45243,5790.902319,0.001,0.001,47368.63961,0.001,0.001,21376.23104,0.001,0.001,31549.01147,23703.19776,6215.096267,0.001,0.001,57657.20868,0.001,0.001,22845.24415,0.001,0.001,13959.90382,10488.26399,2786.449462,0.001,0.001,25618.52329,0.001,0.001,10212.93361,0.001,0.001,26,26,26,26,26,26,26,0.001,0.001,0.001,0.001,393.99,296.01,740,360,130,0.001,0.001,0.001,0.001,0.001,0.001,,,
MEX,261426724.9,876817476.7,1178746280,2213084.684,0.001,3009046802,317569856.8,0.001,3626404199,8621289.052,3729717.526,121407008.7,405452444.2,548047384.2,1001705.615,0.001,1294498258,149954283.6,0.001,1403932440,3957119.267,1707553.757,91565497.25,306658438.1,420877448.4,784482.1119,0.001,1049656375,108092807.7,0.001,1226669797,3119076.55,1326017.191,16184528.98,52698716.45,68918886.52,110069.13,0.001,317300087.7,22285626.74,0.001,777156403.3,449864.5741,198651.3671,3788232.782,12615965.25,17047280.17,30463.76375,0.001,44071354.1,4726783.108,0.001,59117873.96,117817.5609,52118.63212,33097937.63,111174111.1,148170122.5,281850.5909,0.001,364070504.9,40127446.2,0.001,395322178.3,1086412.906,472513.7496,27,28,33,25,20,18,7,1,0.001,5,0.001,13741449.14,13676733.16,14481508.97,13522912.07,12721133.94,12576395,9798982,7333277,0.001,10634813,0.001,,,
MNG,0.001,0.001,19033.09032,330918.4687,0.001,0.001,180109.5325,1030220.296,0.001,146478.5678,808148.8663,0.001,0.001,12587.6068,235079.364,0.001,0.001,124881.1882,725154.5436,0.001,101670.9068,566776.9219,0.001,0.001,3973.903678,77958.65464,0.001,0.001,38114.79126,236062.2483,0.001,33178.5962,174603.9606,0.001,0.001,139.4884087,4516.547835,0.001,0.001,3425.538661,14543.06529,0.001,1718.202198,15837.88825,0.001,0.001,2311.348206,43649.13024,0.001,0.001,24589.11724,135633.6164,0.001,18861.46272,110815.7041,0.001,0.001,1117.4107,19212.13492,0.001,0.001,10408.95324,59714.44818,0.001,8534.690199,46553.07599,0.001,0.001,0.001,0.001,8,9,8,8,9,9,0.001,0.001,0.001,0.001,0.001,114907.5608,141844.5811,131399.5026,145070.4314,155082.8506,149072.2876,0.001,,,
NLD,0.001,710444.0005,343097766.6,2265986508,0.001,26769716.16,1540103960,0.001,95170385.98,2157584821,0.001,0.001,460059.0945,280878960.3,1772025214,0.001,21007504.07,1257534381,0.001,75972604.51,1713571651,0.001,0.001,125620.3856,238424719.1,1583864179,0.001,15588601.78,1088703588,0.001,59333772.15,1500238375,0.001,0.001,21805.38784,208956248.7,1391637962,0.001,12522699.4,963639674,0.001,49887291.18,1314817051,0.001,0.001,27797.38244,17050620.11,130085780.8,0.001,1151573.955,80046309.06,0.001,4416246.784,117724719.5,0.001,0.001,37498.10156,15135784.37,97552142.73,0.001,1182709.785,67815197.04,0.001,4266152.992,93457734.93,0.001,25,25,25,25,25,25,25,25,25,25,25,0.001,570,7190,21770,56550,192770,224370,189730,0.001,0.001,0.001,,,
NER,73721840.92,3281236407,0.001,0.001,0.001,208942075.6,142886669.5,0.001,0.001,0.001,0.001,51223919.18,2139126395,0.001,0.001,0.001,144141900.6,98040228.98,0.001,0.001,0.001,0.001,12755993.3,494079951.4,0.001,0.001,0.001,36014906.75,24130554.69,0.001,0.001,0.001,0.001,28904218.55,1584342248,0.001,0.001,0.001,83586213.79,57941711.8,0.001,0.001,0.001,0.001,2863163.763,188378116.2,0.001,0.001,0.001,8062952.305,5634497.034,0.001,0.001,0.001,0.001,8859099.434,473232603.9,0.001,0.001,0.001,25578052.3,17842915.58,0.001,0.001,0.001,0.001,31,29,27,0.001,0.001,19,0.001,0.001,0.001,0.001,0.001,4704133.384,4684097.495,4973309.388,0.001,0.001,4036569.115,0.001,0.001,0.001,0.001,0.001,,,
NGA,4295973874,3424128315,30153755.33,0.001,0.001,1867579565,0.001,0.001,191016389.7,0.001,0.001,2305341981,1754933098,18276358.32,0.001,0.001,1043006504,0.001,0.001,118521337.8,0.001,0.001,930280283.7,819169028.2,6613826.016,0.001,0.001,284908877.9,0.001,0.001,41330352.67,0.001,0.001,288301873.8,260634130,2014951.758,0.001,0.001,153501074.2,0.001,0.001,19210777.7,0.001,0.001,207520319.7,178550808.3,714880.383,0.001,0.001,103266087.5,0.001,0.001,5679311.589,0.001,0.001,427258771.8,343144896.4,2848164.857,0.001,0.001,177690261.8,0.001,0.001,18334223.1,0.001,0.001,30,22,22,17,11,0.001,0.001,0.001,0.001,0.001,0.001,7776304,9630801,13710478,4539382,1429633,0.001,0.001,0.001,0.001,0.001,0.001,,,
NOR,4869.769292,50468.51812,18554733.96,48717613.95,0.001,960297.9592,69861697.94,5837384.874,4672441.917,70412319.6,0.001,3097.364707,32099.96151,11131212.44,31875102.13,0.001,549790.7191,44310347.19,3819301.151,2770491.798,45681675.24,0.001,1958.616862,20298.39293,5416309.571,11491013.31,0.001,303489.4049,18219579.19,1376862.736,1431702.857,17192709.4,0.001,232.0528008,2404.910845,4988511.802,13465488.2,0.001,155581.3471,19695487.81,1613445.955,1218908.389,19721275.06,0.001,471.5593591,4887.069722,757570.9931,2023025.581,0.001,70177.18272,2662546.635,242400.6016,198271.9113,2795382.064,0.001,360.5180047,3736.277503,727121.4613,1949756.806,0.001,54531.76992,2660820.882,233621.4762,187477.8584,2748185.252,0.001,26,26,26,26,26,26,26,26,26,26,26,19.36,200.64,2210,11720,40730,109650,84810,49507.92,5932.08,0.001,0.001,,,
PAN,39186.06245,40147.23205,2219701.301,6796506.966,0.001,244313.9712,8127361.944,5826965.058,889157.4566,8366409.096,2915836.857,32761.30736,33902.99047,2129291.799,6539582.776,0.001,227375.1146,7810796.734,5602869.897,849533.2261,8048782.413,2803312.839,7790.903758,8572.667811,559794.1986,1725017.081,0.001,59732.04894,2050837.706,1478948.208,223791.2107,2114625.206,748353.4674,23390.58861,25432.09588,2080039.845,6407663.871,0.001,210054.0887,7658003.17,5469559.866,823945.9535,7905343.616,2723429.181,1355.957512,1463.215535,34404.80421,103263.5871,0.001,5180.890619,122925.6263,90085.81645,14674.53066,125187.6788,48146.76585,1593.668047,1484.061604,45628.99314,139336.1199,0.001,6017.116699,164743.5532,122061.0984,18762.01053,168226.0678,61586.91317,14,8,10,9,9,10,8,11,10,7,0.001,729400,724836,1233100,1334406,1294999,1445077,1226866,1217504,1259458,467565,0.001,,,
PRY,7712458.73,59869772.54,343942131.6,133517875.5,1499295995,179609317.6,202062302.6,262664862.6,296588721,110422547.2,225165284.3,3203961.901,29233983.25,181625477.7,74169711.21,901560815.5,87701949.75,115973749,145957339.6,152177880.1,63637095.24,124321891.8,3283012.013,23280023.47,122886913.3,19445956.85,222812366.6,69840070.41,59256409.24,34350128.67,110427766.4,21263337.95,26165852.71,4315834.753,30763838.14,164668149.5,38887045.82,408109022.5,92291514.42,84701672.26,71240077.3,146721576.8,36487945.7,53121730.64,151675.7484,1184609.069,7021193.46,4209452.292,43044815.91,3553827.207,4710012.203,8324277.799,5931715.281,3175202.901,6768680.437,838230.4056,6529641.892,39034317.13,25174869.83,267357649.6,19588925.68,26218962.36,50758804.03,32808334.36,18454042.52,44436020.01,19,19,19,19,19,19,19,19,19,19,19,26473280,52204259.5,52206578.5,52573021,52453028,52060329,48925499,51245811,51546215,48786246,227799003,,,
PER,174775008.5,791459271.1,276315977.9,47245449.47,537386635.7,0.001,227918094,51265222.95,381688491.2,91649233.31,79407815.66,85302071.8,429726990.7,161662009,29426232.54,297114117,0.001,135289762.5,28206984.61,218259389.7,55363539.45,42746682.87,41519727.14,180255687.6,62899042.94,10567603.69,128406899.8,0.001,54389881.77,11419558.34,87979080.14,22538112.79,13971724.18,4894065.114,25821032.29,10887217.13,3029535.827,38073399.16,0.001,8645168.233,3055660.489,14951077.22,3818493.638,4289942.737,17824594.37,65239433.87,17492533.35,2358858.761,49433328.84,0.001,12205919.1,4223220.778,26078051.67,4038581.712,9097927.642,29092669.35,112100905.4,32264058.84,4870588.217,75323432.79,0.001,23748793.46,7533147.753,47116157.74,8520021.499,14332333.99,97,102,0.001,99,97,95,87,85,80,60,66,2017235370,2292957537,0.001,1983551585,1665375088,1275812977,745244286.4,468771226.6,315207688.9,173004014.5,240011162,,,
POL,149424128,247980467.8,3250633284,598589611.7,1962293765,1251311466,3930528379,990148230,1995580818,1938931107,949642166,73094130.67,121305153,2051018963,435337644.5,1427121902,615779785.7,2726849830,720107381.8,1073645598,1387286649,690648443.5,49759707.72,82579940.48,803140406.4,115314638.7,378023928.5,420072265.4,811772160.4,190746018.9,615230039,380492008.5,182942772.7,8047247.944,13355007.23,994697485.6,231625391.3,759313312.7,70182022.08,1570926567,383139744.9,267156353.2,773023087.3,367465846.3,13908612.47,23082378.14,306476095.3,52487307.27,172063653.9,114811765.6,368368943.4,86821109.77,182730479.4,175440776.5,83269337.1,9275752.718,15393802.38,140037392.4,17721618.99,58094931.42,73163069.08,145541440.1,29313956.22,103516086.8,63386624.12,28114748.92,24,24,24,24,24,24,24,24,24,24,24,89984.32,149335.68,896470,1504220,2002880,2060230,986780,301846.16,499294.4,478868.72,989510.72,,,
PRT,15488244.27,34962062.79,51556675.13,159069121.6,0.001,65944623.94,72429681.5,0.001,47658175.31,43601022.89,0.001,7223401.013,16305592.51,34425013.26,87059963.34,0.001,34011171.93,45573263.74,0.001,29466102.13,26444560.08,0.001,6514118.243,14704507.96,11295515.98,63518349.1,0.001,24178175.95,21345203.48,0.001,12037867.87,14433592.33,0.001,2569859.308,5801017.916,15334334.64,30410788.68,0.001,13949358.47,16751474.87,0.001,13858466.34,9827373.173,0.001,486704.4574,1098652.081,1411737.562,5065438.566,0.001,2019064.674,2012073.599,0.001,1436444.371,1379981.908,0.001,291597.4221,658231.3144,2552861.059,2493665.885,0.001,1727137.395,2713299.338,0.001,2005237.228,1088713.133,0.001,21,21,21,21,21,21,21,21,21,21,21,25376.62,57283.38,135440,124830,131950,153520,100070,384840,0.001,0.001,0.001,,,
ROU,713225635.9,1178619552,581380553.9,8130348702,0.001,2269486997,627919086.6,0.001,1084365515,590962798.7,0.001,324738067.2,536636116.4,334995855.9,5431922386,0.001,1193138603,375934655.1,0.001,597492614.6,371499978.3,0.001,297865938.7,492229389.4,163185531.2,1488264206,0.001,764461206.6,163240980,0.001,333017158.6,134418810.6,0.001,10326851.6,17065327.7,15440571.83,625458015.1,0.001,29304105.34,34870637.97,0.001,20523853.27,38424439.44,0.001,45313573.07,74881580.96,46021946.45,751968359,0.001,163748227.5,51982871.24,0.001,83205862.24,50997312.04,0.001,21304584.51,35206249.73,15070579.42,190067712.7,0.001,62221919.3,15991819.52,0.001,29133725.12,14459416.25,0.001,26,26,26,26,26,26,26,26,26,26,26,333347.17,550862.83,1036630,518500,272670,287700,271650,3759360,0.001,0.001,0.001,,,
RUS,36.26891354,444.0815789,253775481.8,7259.046548,108872966.6,16139022.38,131543273,672.4457822,120036774.5,18693616.56,0.001,23.57032755,241.8174916,174227233.5,3516.163947,80921791.32,12627700.39,92023472.42,320.3957895,83350521.1,13208069.27,0.001,9.544447869,121.2376114,67643207.01,2022.579581,29130474.65,4147202.087,34336381.58,187.6650435,31409793.9,4724086.511,0.001,1.094720178,11.49342933,22044645.25,118.7248254,17009177.85,1712846.96,7415422.18,10.28725893,4780650.986,386719.2332,0.001,3.940604902,68.47559207,21426227.42,1328.073721,7542248.452,754606.7116,8960795.761,125.8932286,8578117.315,972118.0879,0.001,1.057766906,16.76772304,6339424.414,310.9945589,2353768.363,280525.3106,2980136.872,29.31667475,2794660.353,398867.8008,0.001,14,19,22,23,23,23,22,17,12,0.001,21,3663327.237,4054812.38,6420475.145,6420495.145,6420495.145,6420495.145,6420475.145,3880297.002,3560466.237,0.001,6414991.145,,,
SVK,3751743.546,3751743.546,19975480.06,2027027491,0.001,19111002.34,34558732.42,0.001,16385224.58,44651477.79,0.001,1621073.623,1621073.623,7984818.652,1163693263,0.001,7918625.243,13716170.99,0.001,6676997.394,19810157.6,0.001,1478869.485,1478869.485,8465484.114,697865473.3,0.001,7838314.456,14730932.81,0.001,6820319.594,18166747.44,0.001,323038.3952,323038.3952,1851786.435,733753961.1,0.001,1710659.48,3222780.677,0.001,1490317.632,7686708.496,0.001,251411.1149,251411.1149,1254886.436,148188165.5,0.001,1238942.571,2158076.386,0.001,1048838.312,2916061.77,0.001,76574.61135,76574.61135,433767.5388,40080577.85,0.001,402495.9259,753787.1048,0.001,349579.921,946385.304,0.001,26,26,26,26,26,26,26,26,26,26,26,1925,1925,10960,10290,13070,25310,30200,1069310,0.001,0.001,0.001,,,
SVN,4148691.828,4148691.828,37836695.62,34686452.09,0.001,27470836.21,40647167.85,0.001,36975399.34,16813329.57,0.001,2065251.162,2065251.162,20154410.35,17536780.57,0.001,13289608.29,21886471.87,0.001,18692581.41,8907030.729,0.001,1211527.267,1211527.267,10200026.28,9828701.701,0.001,8566905.693,10761227.76,0.001,10811531.72,4509364.533,0.001,259082.4071,259082.4071,3215416.358,1784738.308,0.001,1544638.256,3643607.721,0.001,2511987.663,1296215.033,0.001,88275.29995,88275.29995,731989.2316,707551.4125,0.001,569572.7667,768697.5585,0.001,743335.2756,324561.4113,0.001,538397.8647,538397.8647,5300365.912,5228688.024,0.001,3766047.772,5775860.096,0.001,5144457.103,2462715.892,0.001,26,26,26,26,26,26,26,26,26,26,26,4525,4525,23880,32090,33200,34370,12890,22650,0.001,0.001,0.001,,,
ZAF,11193272756,53121654218,183551572.3,0.001,0.001,8181109599,11877020.7,0.001,24543328798,0.001,0.001,6466534105,30699992066,119303356.4,0.001,0.001,4725840801,6863352.758,0.001,14177522404,0.001,0.001,3950600149,18723744834,69567433.62,0.001,0.001,2883910045,4182263.907,0.001,8651730134,0.001,0.001,40247370.28,177887951.5,33048786.69,0.001,0.001,26793305.62,51694.15761,0.001,80379916.86,0.001,0.001,132782102.1,632312952.4,5987050.42,0.001,0.001,98554727.75,151268.1748,0.001,295664183.3,0.001,0.001,485512056.1,2307412758,7470009.815,0.001,0.001,354926428.4,514999.9055,0.001,1064779285,0.001,0.001,7,9,8,8,5,4,0.001,0.001,0.001,0.001,0.001,17466562.88,23820251.55,11908476.81,11908476.81,8554723,2938957.085,0.001,0.001,0.001,0.001,0.001,,,
ESP,47943023.31,47943023.31,577531078.1,4741642500,0.001,269423572.8,1473538686,0.001,362857038.1,1796001927,0.001,34343317,34343317,407171924.5,3450238204,0.001,188767215.8,1065238405,0.001,252344889,1313180189,0.001,14106220,14106220,154762986.7,1036225603,0.001,87119545.81,339053108,0.001,114677755.9,384804231.1,0.001,23628840.69,23628840.69,170210672.3,438293530.6,0.001,134827217,260806750,0.001,159351121.3,244641385.5,0.001,3988786.968,3988786.968,47066847.69,383410399,0.001,23419082.42,115615746.5,0.001,31094132.79,141932949.5,0.001,1608122.475,1608122.475,8855970.906,28674055.3,0.001,5063645.178,20295768.16,0.001,5672271.153,18294807.28,0.001,26,26,26,26,26,26,26,26,26,26,26,97745,97745,529460,702050,1021710,2022500,2042610,5260920,0.001,0.001,0.001,,,
SWE,0.001,1772.356702,31824689.62,2387694443,0.001,1483395.754,218630421.4,0.001,7185890.034,472327580.6,0.001,0.001,1653.759715,23727118.36,2000431863,0.001,1298812.804,178600012.2,0.001,5235158.896,390521954.3,0.001,0.001,30.80516057,6104545.127,373214651.3,0.001,193087.1863,35771740.04,0.001,1337619.662,76009491.4,0.001,0.001,207.6676178,15085811.92,1446808137,0.001,1026925.688,128067834.7,0.001,3336357.109,281347958.8,0.001,0.001,88.60961939,2249943.83,153612296.6,0.001,91485.5731,14419692.09,0.001,528929.0493,30780052.68,0.001,0.001,118.5969867,784841.3446,36203023.42,0.001,22207.1007,3760674.459,0.001,199951.3684,7570032.427,0.001,24,24,24,24,24,24,24,24,24,24,24,0.001,30,960,5940,25490,114470,215010,864580,0.001,0.001,0.001,,,
TJK,0.001,1767605.323,56360395.51,15451736.31,0.001,7096252.821,53237095.07,12205650.37,17785668.08,18343930.61,4115458.525,0.001,1101302.524,33640153.7,9301893.366,0.001,4289172.005,31812228.56,7373907.048,10643890.26,10971692.1,2484729.124,0.001,586860.2692,19566163.38,5177252.679,0.001,2449746.313,18256691.32,4115197.323,6174071.58,6229485.261,1368863.372,0.001,665437.1632,20646102.95,6227295.87,0.001,2548150.811,19995157.85,4791755.542,6370146.799,7223751.719,1666478.84,0.001,38285.08007,1195257.256,305430.8697,0.001,149749.1944,1104103.801,245659.2156,387934.6127,364099.3661,81226.9517,0.001,72025.72186,2364957.873,651888.9246,0.001,303605.5412,2248350.835,503703.5561,752007.9375,776185.7304,175681.3445,0.001,24,34,36,36,34,32,33,30,15,0.001,0.001,472965.4748,604123.3779,615123.9999,615942.5929,630800.5505,545223.542,595393.9582,330341.9902,152853.3571,0.001,,,
TLS,2463259.119,85052.9016,2163.805952,0.001,0.001,58493.79486,0.001,0.001,16425.11714,2036.257829,0.001,2311048.722,78568.24729,1988.415428,0.001,0.001,54180.38186,0.001,0.001,15259.06764,1935.005244,0.001,105558.5437,6605.708085,162.9563916,0.001,0.001,4603.210485,0.001,0.001,926.1253015,62.42953537,0.001,277029.3615,11341.4576,269.5950039,0.001,0.001,7824.969057,0.001,0.001,2004.79467,220.9914733,0.001,31088.75855,1687.423162,35.26648883,0.001,0.001,1157.954932,0.001,0.001,240.4740441,20.04119808,0.001,52050.69674,2700.907648,68.47028278,0.001,0.001,1888.146774,0.001,0.001,513.8781992,32.65048254,0.001,16,16,16,15,13,0.001,8,0.001,0.001,0.001,0.001,881494.4943,722366.6966,623493.5954,386486.7977,324912.7977,0.001,95659.89886,0.001,0.001,0.001,0.001,,,
UGA,457020902.2,442963085.3,23421059.46,0.001,0.001,170892658,10894651.64,0.001,20701662.5,0.001,0.001,325196209.9,308327704.6,17439663.09,0.001,0.001,127090450.7,7280854.667,0.001,15679659.71,0.001,0.001,140303310.4,117292454.6,6608177.149,0.001,0.001,61608973.93,2106846.906,0.001,8933807.592,0.001,0.001,186110839.9,183217593.1,10859496.94,0.001,0.001,70472466.53,2902899.251,0.001,9900008.269,0.001,0.001,14211450.38,14332083.37,745248.2239,0.001,0.001,4309671.425,296528.199,0.001,412086.5023,0.001,0.001,35862081.7,28702351.22,1699775.417,0.001,0.001,17415105.58,960278.3804,0.001,2181327.122,0.001,0.001,37,34,33,14,8,5,0.001,0.001,0.001,0.001,0.001,21422277.39,19426869.55,16279175.59,6713606.249,2719266.382,2576830.382,0.001,0.001,0.001,0.001,0.001,,,
GBR,0.001,3422.928487,54439577.57,8659332814,0.001,146415.949,425393238.8,0.001,13085904.93,1097822664,0.001,0.001,3311.294067,36627605.35,5832672006,0.001,106100.1093,287120419.7,0.001,8790376.283,741830130.9,0.001,0.001,145.5640533,13831306.8,2219685752,0.001,33812.44405,106646286.1,0.001,3404352.52,276318102.2,0.001,0.001,1.821972331,2190834.381,374114108.8,0.001,3947.744871,17548899.79,0.001,550664.0873,47581648.37,0.001,0.001,132.5024089,1744068.159,270198682.6,0.001,3994.62002,14009240.41,0.001,406191.6895,34915338.79,0.001,0.001,111.6344201,1006312.564,159281717.4,0.001,2577.202135,8127616.945,0.001,217446.6315,21809877.17,0.001,23,23,23,23,23,23,23,23,23,23,23,0.001,60,650,5800,23620,174090,517510,3634880,0.001,0.001,0.001,,,
TZA,473036336.1,829191489.1,276170296.3,68302825.42,57255055.87,1410892850,163846786.5,83288136.17,521912557.9,48914600.39,5750977.762,322324856,562627973.1,186221023.6,45059743.42,37232220.57,950869714.7,110384075.1,56275666.28,351658686.5,37703466.9,4029394.012,121710794.9,202266307.5,61588939.37,17018081.85,14191848.35,327728822.1,36557270.47,20994306.36,117761237.7,12068133.82,1600366.318,62545594.63,105088309.6,35864636.78,3415700.893,9539675.932,168042113.8,20858843.12,10989087.48,63796261.62,21363120.66,1545146.866,11420265.27,20273758.07,7004736.465,1461060.9,1343162.823,34681929.96,4077131.488,1944971.339,13023925.81,1181891.078,107998.9792,53204106.4,90531454.21,28822232.96,8226947.591,5606117.525,151172541.8,17167264.99,9271540.833,54963426.32,3858539.03,553656.8071,69,69,65,65,61,62,42,50,41,41,39,171875451.5,177315754.6,174060224.3,138594785.9,109161088.3,64299306.8,31077909.97,25356575,16062628.59,8195920.481,73972730.37,,,
USA,0.001,0.001,141690316.6,5964466635,0.001,21565610.04,1047804641,17032597041,69720631.98,2646279197,64528021020,0.001,0.001,55961334.22,2163009366,0.001,8880812.234,310710657.6,7641403168,27536529.54,862062926.3,40237314678,0.001,0.001,53960093.92,2407899693,0.001,7574369.675,447122722.2,6259229628,26551792.25,1103700609,18092778332,0.001,0.001,19628056.46,854649022.2,0.001,2256216.126,107122795.8,3045752936,9658250.004,318973604.2,13346411790,0.001,0.001,4831116.992,185733696.6,0.001,770876.0178,28007042.41,637919318.4,2377216.298,75991490.76,3309869333,0.001,0.001,3689417.463,148226475.4,0.001,670384.4894,27530504.93,406427433.8,1815427.64,67441059.4,1524767671,17,17,17,17,17,17,17,17,17,17,0.001,0.001,0.001,5182414.354,4938536.88,5055662.949,2100594.676,5147260.886,10287642.73,42246896.62,66139498.9,0.001,,,
URY,0.001,17048.69723,1655853.316,115496131.1,7061763324,139824.5467,14195076.36,467778924.3,672346.6368,53264338.7,704008796.7,0.001,10038.95939,991392.1483,69485302.99,4226332161,82040.72469,8525494.125,281143492.7,403567.1919,32000451.66,422575077.8,0.001,2644.437212,232780.2672,17247875.83,1046895037,22034.15965,2058791.097,70173968.91,92998.70943,7587995.284,106280932.1,0.001,2554.283549,253120.3996,18561713.95,1102727185,20946.42986,2235146.288,74969944.32,102997.8912,8285496.262,112572875,0.001,1973.888282,173911.7757,13053047.83,796319415.3,16336.41913,1546660.114,53262704.76,69495.05684,5752696.976,80680137.27,0.001,2765.453828,263654.1202,19041032.53,1154640944,22664.44453,2301864.547,77230404.77,106767.032,8604665.654,116350706.4,0.001,3,5,5,6,9,9,9,9,7,8,0.001,6109573,7783119,7262330,13263430,19744018,24309570,24507043,28727439,30185068,88469578,,,